Player,Match,Runs Scored,Balls Played,Out,Bat SR,50,100,4s Scored,6s Scored,Bat Dot%,Overs Bowled,Runs Given,Wickets Taken,Econ,Bowl Avg,Bowl SR,5W,4s Given,6s Given,Bowl Dot%,next_runs,next_balls,next_overs,next_runs_given,next_wkts,Position,Credits,Selection,Points
S Mandhana,2022_W_015,13,15,1,86.7,0,0,2,0,60.0,0.0,0.0,0.0,0.0,0.0,0.0,0.0,0.0,0.0,0.0,71,84,0.0,0.0,0.0,BAT,8.5,72%,0
S Mandhana,2022_W_016,71,84,1,84.5,1,0,9,0,52.4,0.0,0.0,0.0,0.0,0.0,0.0,0.0,0.0,0.0,0.0,52,75,0.0,0.0,0.0,BAT,8.5,72%,0
S Mandhana,2022_W_020,52,75,1,69.3,1,0,3,1,60.0,0.0,0.0,0.0,0.0,0.0,0.0,0.0,0.0,0.0,0.0,6,21,0.0,0.0,0.0,BAT,8.5,72%,0
S Mandhana,2022_W_024,6,21,1,28.6,0,0,0,0,76.2,0.0,0.0,0.0,0.0,0.0,0.0,0.0,0.0,0.0,0.0,123,119,0.0,0.0,0.0,BAT,8.5,72%,0
S Mandhana,2022_W_026,123,119,1,103.4,0,1,13,2,43.7,0.0,0.0,0.0,0.0,0.0,0.0,0.0,0.0,0.0,0.0,35,59,0.0,0.0,0.0,BAT,8.5,72%,0
S Mandhana,2022_W_031,35,59,1,59.3,0,0,4,0,66.1,0.0,0.0,0.0,0.0,0.0,0.0,0.0,0.0,0.0,0.0,10,11,0.0,0.0,0.0,BAT,8.5,72%,0
S Mandhana,2022_W_034,10,11,1,90.9,0,0,1,0,45.5,0.0,0.0,0.0,0.0,0.0,0.0,0.0,0.0,0.0,0.0,30,51,0.0,0.0,0.0,BAT,8.5,72%,0
S Mandhana,2022_W_038,30,51,1,58.8,0,0,3,0,64.7,0.0,0.0,0.0,0.0,0.0,0.0,0.0,0.0,0.0,0.0,71,85,0.0,0.0,0.0,BAT,8.5,72%,0
S Mandhana,2022_W_044,71,85,1,83.5,1,0,6,1,49.4,0.0,0.0,0.0,0.0,0.0,0.0,0.0,0.0,0.0,0.0,4,7,0.0,0.0,0.0,BAT,8.5,72%,0
S Mandhana,2022_W_054,4,7,1,57.1,0,0,1,0,85.7,0.0,0.0,0.0,0.0,0.0,0.0,0.0,0.0,0.0,0.0,94,83,0.0,0.0,0.0,BAT,8.5,72%,0
S Mandhana,2022_W_055,94,83,0,113.3,1,0,11,1,38.6,0.0,0.0,0.0,0.0,0.0,0.0,0.0,0.0,0.0,0.0,6,20,0.0,0.0,0.0,BAT,8.5,72%,0
S Mandhana,2022_W_056,6,20,1,30.0,0,0,0,0,70.0,0.0,0.0,0.0,0.0,0.0,0.0,0.0,0.0,0.0,0.0,91,99,0.0,0.0,0.0,BAT,8.5,72%,0
S Mandhana,2022_W_063,91,99,1,91.9,1,0,10,1,50.5,0.0,0.0,0.0,0.0,0.0,0.0,0.0,0.0,0.0,0.0,40,51,0.0,0.0,0.0,BAT,8.5,72%,0
S Mandhana,2022_W_064,40,51,1,78.4,0,0,4,1,54.9,0.0,0.0,0.0,0.0,0.0,0.0,0.0,0.0,0.0,0.0,50,79,0.0,0.0,0.0,BAT,8.5,72%,0
S Mandhana,2022_W_065,50,79,1,63.3,1,0,5,0,60.8,0.0,0.0,0.0,0.0,0.0,0.0,0.0,0.0,0.0,0.0,,,,,,BAT,8.5,72%,0
Shafali Verma,2022_W_012,12,16,1,75.0,0,0,2,0,68.8,0,0,0,0,0,0,0,0,0,0,24,38,0,0,0,BAT,8.0,68%,0
Shafali Verma,2022_W_013,24,38,1,63.2,0,0,1,1,65.8,0,0,0,0,0,0,0,0,0,0,51,57,0,0,0,BAT,8.0,68%,0
Shafali Verma,2022_W_014,51,57,1,89.5,1,0,7,0,52.6,0,0,0,0,0,0,0,0,0,0,0,2,0,0,0,BAT,8.0,68%,0
Shafali Verma,2022_W_015,0,2,1,0.0,0,0,0,0,100.0,0,0,0,0,0,0,0,0,0,0,9,11,0,0,0,BAT,8.0,68%,0
Shafali Verma,2022_W_016,9,11,1,81.8,0,0,1,0,54.5,0,0,0,0,0,0,0,0,0,0,0,6,0,0,0,BAT,8.0,68%,0
Shafali Verma,2022_W_020,0,6,1,0.0,0,0,0,0,100.0,0,0,0,0,0,0,0,0,0,0,12,16,0,0,0,BAT,8.0,68%,0
Shafali Verma,2022_W_034,12,16,1,75.0,0,0,1,1,75.0,0,0,0,0,0,0,0,0,0,0,42,42,0,0,0,BAT,8.0,68%,0
Shafali Verma,2022_W_038,42,42,1,100.0,0,0,6,1,57.1,0,0,0,0,0,0,0,0,0,0,53,46,0,0,0,BAT,8.0,68%,0
Shafali Verma,2022_W_044,53,46,0,115.2,1,0,8,0,52.2,0,0,0,0,0,0,0,0,0,0,35,40,2.0,4,0,BAT,8.0,68%,0
Shafali Verma,2022_W_054,35,40,1,87.5,0,0,1,2,47.5,2.0,4,0,2.00,0,0,0,0,0,66.7,71,71,0,0,0,BAT,8.0,68%,0
Shafali Verma,2022_W_055,71,71,0,100.0,1,0,4,1,32.4,0,0,0,0,0,0,0,0,0,0,49,50,0,0,0,BAT,8.0,68%,0
Shafali Verma,2022_W_056,49,50,1,98.0,0,0,5,0,40.0,0,0,0,0,0,0,0,0,0,0,1,6,0,0,0,BAT,8.0,68%,0
Shafali Verma,2022_W_063,1,6,1,16.7,0,0,0,0,83.3,0,0,0,0,0,0,0,0,0,0,8,7,1.0,5,1,BAT,8.0,68%,0
Shafali Verma,2022_W_064,8,7,1,114.3,0,0,2,0,71.4,1.0,5,1,5.00,5.0,6.0,0,0,0,33.3,0,5,0,0,0,BAT,8.0,68%,0
Shafali Verma,2022_W_065,0,5,1,0.0,0,0,0,0,100.0,0,0,0,0,0,0,0,0,0,0,,,,,,BAT,8.0,68%,0
D Hemalatha,2022_W_064,0,0,0,0,0,0,0,0,0,2.2,6,2,2.57,3.0,7.0,0,0,0,64.3,2,17,5.0,25,0,BAT,7.5,1%,0
D Hemalatha,2022_W_065,2,17,1,11.8,0,0,0,0,88.2,5.0,25,0,5.00,0,0,0,3,0,50.0,,,,,,BAT,7.5,1%,0
H Kaur,2022_W_012,10,22,1,45.5,0,0,0,0,63.6,4.0,30,0,7.50,0,0,0,4,0,29.2,10,18,9.0,63,1,BAT,7.5,85%,0
H Kaur,2022_W_013,10,18,1,55.6,0,0,0,0,55.6,9.0,63,1,7.00,63.0,54.0,0,2,0,33.3,13,22,0,0,0,BAT,7.5,85%,0
H Kaur,2022_W_014,13,22,1,59.1,0,0,1,0,59.1,0,0,0,0,0,0,0,0,0,0,63,66,0,0,0,BAT,7.5,85%,0
H Kaur,2022_W_016,63,66,1,95.5,1,0,6,1,42.4,0,0,0,0,0,0,0,0,0,0,5,14,0,0,0,BAT,7.5,85%,0
H Kaur,2022_W_020,5,14,1,35.7,0,0,0,0,64.3,0,0,0,0,0,0,0,0,0,0,71,63,0,0,0,BAT,7.5,85%,0
H Kaur,2022_W_024,71,63,1,112.7,1,0,6,2,39.7,0,0,0,0,0,0,0,0,0,0,109,107,0,0,0,BAT,7.5,85%,0
H Kaur,2022_W_026,109,107,1,101.9,0,1,10,2,43.0,0,0,0,0,0,0,0,0,0,0,14,26,0,0,0,BAT,7.5,85%,0
H Kaur,2022_W_031,14,26,1,53.8,0,0,2,0,73.1,0,0,0,0,0,0,0,0,0,0,57,47,0,0,0,BAT,7.5,85%,0
H Kaur,2022_W_034,57,47,0,121.3,1,0,6,0,27.7,0,0,0,0,0,0,0,0,0,0,14,33,0,0,0,BAT,7.5,85%,0
H Kaur,2022_W_038,14,33,1,42.4,0,0,1,0,69.7,0,0,0,0,0,0,0,0,0,0,48,57,8.0,42,2,BAT,7.5,85%,0
H Kaur,2022_W_044,48,57,1,84.2,0,0,4,0,40.4,8.0,42,2,5.25,21.0,24.0,0,3,0,39.6,44,63,7.0,13,1,BAT,7.5,85%,0
H Kaur,2022_W_054,44,63,1,69.8,0,0,3,0,47.6,7.0,13,1,1.86,13.0,42.0,0,0,0,81.0,0,0,3.0,12,0,BAT,7.5,85%,0
H Kaur,2022_W_055,0,0,0,0,0,0,0,0,0,3.0,12,0,4.00,0,0,0,0,0,50.0,75,88,5.0,21,1,BAT,7.5,85%,0
H Kaur,2022_W_056,75,88,1,85.2,1,0,7,2,51.1,5.0,21,1,4.20,21.0,30.0,0,2,0,53.3,74,94,0,0,0,BAT,7.5,85%,0
H Kaur,2022_W_063,74,94,0,78.7,1,0,7,1,55.3,0,0,0,0,0,0,0,0,0,0,143,111,0,0,0,BAT,7.5,85%,0
H Kaur,2022_W_064,143,111,0,128.8,0,1,18,4,43.2,0,0,0,0,0,0,0,0,0,0,4,9,0,0,0,BAT,7.5,85%,0
H Kaur,2022_W_065,4,9,1,44.4,0,0,0,0,66.7,0,0,0,0,0,0,0,0,0,0,,,,,,BAT,7.5,85%,0
Richa Ghosh,2022_W_012,22,27,1,81.5,0,0,0,1,51.9,0.0,0.0,0.0,0.0,0.0,0.0,0.0,0.0,0.0,0.0,65,64,0.0,0.0,0.0,WK,7.5,44%,0
Richa Ghosh,2022_W_013,65,64,1,101.6,1,0,6,1,43.8,0.0,0.0,0.0,0.0,0.0,0.0,0.0,0.0,0.0,0.0,52,29,0.0,0.0,0.0,WK,7.5,44%,0
Richa Ghosh,2022_W_015,52,29,1,179.3,1,0,4,4,41.4,0.0,0.0,0.0,0.0,0.0,0.0,0.0,0.0,0.0,0.0,7,8,0.0,0.0,0.0,WK,7.5,44%,0
Richa Ghosh,2022_W_016,7,8,0,87.5,0,0,1,0,50.0,0.0,0.0,0.0,0.0,0.0,0.0,0.0,0.0,0.0,0.0,1,5,0.0,0.0,0.0,WK,7.5,44%,0
Richa Ghosh,2022_W_020,1,5,1,20.0,0,0,0,0,80.0,0.0,0.0,0.0,0.0,0.0,0.0,0.0,0.0,0.0,0.0,0,1,0.0,0.0,0.0,WK,7.5,44%,0
Richa Ghosh,2022_W_024,0,1,1,0.0,0,0,0,0,100.0,0.0,0.0,0.0,0.0,0.0,0.0,0.0,0.0,0.0,0.0,5,10,0.0,0.0,0.0,WK,7.5,44%,0
Richa Ghosh,2022_W_026,5,10,1,50.0,0,0,0,0,50.0,0.0,0.0,0.0,0.0,0.0,0.0,0.0,0.0,0.0,0.0,33,56,0.0,0.0,0.0,WK,7.5,44%,0
Richa Ghosh,2022_W_031,33,56,0,58.9,0,0,5,0,69.6,0.0,0.0,0.0,0.0,0.0,0.0,0.0,0.0,0.0,0.0,8,14,0.0,0.0,0.0,WK,7.5,44%,0
Richa Ghosh,2022_W_034,8,14,1,57.1,0,0,0,0,57.1,0.0,0.0,0.0,0.0,0.0,0.0,0.0,0.0,0.0,0.0,26,36,0.0,0.0,0.0,WK,7.5,44%,0
Richa Ghosh,2022_W_038,26,36,1,72.2,0,0,3,0,61.1,0.0,0.0,0.0,0.0,0.0,0.0,0.0,0.0,0.0,0.0,8,13,0.0,0.0,0.0,WK,7.5,44%,0
Richa Ghosh,2022_W_044,8,13,1,61.5,0,0,0,0,53.8,0.0,0.0,0.0,0.0,0.0,0.0,0.0,0.0,0.0,0.0,6,11,0.0,0.0,0.0,WK,7.5,44%,0
Richa Ghosh,2022_W_054,6,11,1,54.5,0,0,0,0,54.5,0.0,0.0,0.0,0.0,0.0,0.0,0.0,0.0,0.0,0.0,2,9,0.0,0.0,0.0,WK,7.5,44%,0
Richa Ghosh,2022_W_056,2,9,1,22.2,0,0,0,0,77.8,0.0,0.0,0.0,0.0,0.0,0.0,0.0,0.0,0.0,0.0,,,,,,WK,7.5,44%,0
Jemimah Rodrigues,2022_W_012,22,27,1,81.5,0,0,0,1,51.9,0.0,0.0,0.0,0.0,0.0,0.0,0.0,0.0,0.0,0.0,65,64,0.0,0.0,0.0,BAT,7.0,59%,0
Jemimah Rodrigues,2022_W_013,65,64,1,101.6,1,0,6,1,43.8,0.0,0.0,0.0,0.0,0.0,0.0,0.0,0.0,0.0,0.0,52,29,0.0,0.0,0.0,BAT,7.0,59%,0
Jemimah Rodrigues,2022_W_015,52,29,1,179.3,1,0,4,4,41.4,0.0,0.0,0.0,0.0,0.0,0.0,0.0,0.0,0.0,0.0,7,8,0.0,0.0,0.0,BAT,7.0,59%,0
Jemimah Rodrigues,2022_W_016,7,8,0,87.5,0,0,1,0,50.0,0.0,0.0,0.0,0.0,0.0,0.0,0.0,0.0,0.0,0.0,1,5,0.0,0.0,0.0,BAT,7.0,59%,0
Jemimah Rodrigues,2022_W_020,1,5,1,20.0,0,0,0,0,80.0,0.0,0.0,0.0,0.0,0.0,0.0,0.0,0.0,0.0,0.0,0,1,0.0,0.0,0.0,BAT,7.0,59%,0
Jemimah Rodrigues,2022_W_024,0,1,1,0.0,0,0,0,0,100.0,0.0,0.0,0.0,0.0,0.0,0.0,0.0,0.0,0.0,0.0,5,10,0.0,0.0,0.0,BAT,7.0,59%,0
Jemimah Rodrigues,2022_W_026,5,10,1,50.0,0,0,0,0,50.0,0.0,0.0,0.0,0.0,0.0,0.0,0.0,0.0,0.0,0.0,33,56,0.0,0.0,0.0,BAT,7.0,59%,0
Jemimah Rodrigues,2022_W_031,33,56,0,58.9,0,0,5,0,69.6,0.0,0.0,0.0,0.0,0.0,0.0,0.0,0.0,0.0,0.0,8,14,0.0,0.0,0.0,BAT,7.0,59%,0
Jemimah Rodrigues,2022_W_034,8,14,1,57.1,0,0,0,0,57.1,0.0,0.0,0.0,0.0,0.0,0.0,0.0,0.0,0.0,0.0,26,36,0.0,0.0,0.0,BAT,7.0,59%,0
Jemimah Rodrigues,2022_W_038,26,36,1,72.2,0,0,3,0,61.1,0.0,0.0,0.0,0.0,0.0,0.0,0.0,0.0,0.0,0.0,8,13,0.0,0.0,0.0,BAT,7.0,59%,0
Jemimah Rodrigues,2022_W_044,8,13,1,61.5,0,0,0,0,53.8,0.0,0.0,0.0,0.0,0.0,0.0,0.0,0.0,0.0,0.0,6,11,0.0,0.0,0.0,BAT,7.0,59%,0
Jemimah Rodrigues,2022_W_054,6,11,1,54.5,0,0,0,0,54.5,0.0,0.0,0.0,0.0,0.0,0.0,0.0,0.0,0.0,0.0,2,9,0.0,0.0,0.0,BAT,7.0,59%,0
Jemimah Rodrigues,2022_W_056,2,9,1,22.2,0,0,0,0,77.8,0.0,0.0,0.0,0.0,0.0,0.0,0.0,0.0,0.0,0.0,,,,,,BAT,7.0,59%,0
Deepti Sharma,2022_W_012,16,24,1,66.7,0,0,0,0,33.3,8.0,47,2,5.88,23.5,24.0,0,2,0,31.2,1,1,10.0,52,4,AR,8.0,96%,0
Deepti Sharma,2022_W_013,1,1,0,100.0,0,0,0,0,0.0,10.0,52,4,5.20,13.0,15.0,0,3,0,48.3,69,69,9.1,57,1,AR,8.0,96%,0
Deepti Sharma,2022_W_014,69,69,0,100.0,1,0,7,1,42.0,9.1,57,1,6.22,57.0,55.0,0,4,1,32.7,9,9,4.0,49,1,AR,8.0,96%,0
Deepti Sharma,2022_W_015,9,9,1,100.0,0,0,0,0,22.2,4.0,49,1,12.25,49.0,24.0,0,3,3,12.5,21,41,10.0,42,2,AR,8.0,96%,0
Deepti Sharma,2022_W_016,21,41,1,51.2,0,0,1,0,63.4,10.0,42,2,4.20,21.0,30.0,0,1,0,40.0,40,57,7.0,31,1,AR,8.0,96%,0
Deepti Sharma,2022_W_020,40,57,1,70.2,0,0,2,0,50.9,7.0,31,1,4.43,31.0,42.0,0,3,0,59.5,5,13,8.0,52,1,AR,8.0,96%,0
Deepti Sharma,2022_W_024,5,13,1,38.5,0,0,1,0,84.6,8.0,52,1,6.50,52.0,48.0,0,7,0,41.7,15,21,7.0,24,0,AR,8.0,96%,0
Deepti Sharma,2022_W_026,15,21,1,71.4,0,0,2,0,66.7,7.0,24,0,3.43,0,0,0,2,1,73.8,0,10,2.0,13,0,AR,8.0,96%,0
Deepti Sharma,2022_W_031,0,10,1,0.0,0,0,0,0,100.0,2.0,13,0,6.50,0,0,0,2,0,41.7,2,2,10.0,41,0,AR,8.0,96%,0
Deepti Sharma,2022_W_044,2,2,0,100.0,0,0,0,0,0.0,10.0,41,0,4.10,0,0,0,1,0,46.7,22,41,8.2,25,3,AR,8.0,96%,0
Deepti Sharma,2022_W_054,22,41,0,53.7,0,0,0,0,56.1,8.2,25,3,3.00,8.3,16.7,0,3,0,74.0,0,0,10.0,30,2,AR,8.0,96%,0
Deepti Sharma,2022_W_055,0,0,0,0,0,0,0,0,0,10.0,30,2,3.00,15.0,30.0,0,1,0,70.0,4,11,8.3,47,1,AR,8.0,96%,0
Deepti Sharma,2022_W_056,4,11,1,36.4,0,0,0,0,63.6,8.3,47,1,5.53,47.0,51.0,0,6,0,58.8,0,0,10.0,33,2,AR,8.0,96%,0
Deepti Sharma,2022_W_063,0,0,0,0,0,0,0,0,0,10.0,33,2,3.30,16.5,30.0,0,1,0,55.0,15,9,7.0,40,1,AR,8.0,96%,0
Deepti Sharma,2022_W_064,15,9,0,166.7,0,0,2,0,0.0,7.0,40,1,5.71,40.0,42.0,0,3,1,42.9,68,106,7.3,24,1,AR,8.0,96%,0
Deepti Sharma,2022_W_065,68,106,0,64.2,1,0,7,0,58.5,7.3,24,1,3.20,24.0,45.0,0,2,0,66.7,,,,,,AR,8.0,96%,0
P Vastrakar,2022_W_012,23,29,1,79.3,0,0,3,0,51.7,9.0,55,2,6.11,27.5,27.0,0,6,0,57.4,11,11,7.0,45,0,AR,7.5,16%,0
P Vastrakar,2022_W_013,11,11,1,100.0,0,0,1,0,27.3,7.0,45,0,6.43,0,0,0,7,0,54.8,4,5,1.0,12,0,AR,7.5,16%,0
P Vastrakar,2022_W_015,4,5,1,80.0,0,0,1,0,80.0,1.0,12,0,12.00,0,0,0,3,0,50.0,68,60,0,0,0,AR,7.5,16%,0
P Vastrakar,2022_W_020,68,60,1,113.3,1,0,8,0,40.0,0,0,0,0,0,0,0,0,0,0,6,16,10.0,34,4,AR,7.5,16%,0
P Vastrakar,2022_W_024,6,16,1,37.5,0,0,0,0,62.5,10.0,34,4,3.40,8.5,15.0,0,3,0,61.7,10,5,2.0,21,1,AR,7.5,16%,0
P Vastrakar,2022_W_026,10,5,1,200.0,0,0,2,0,20.0,2.0,21,1,10.50,21.0,12.0,0,3,0,25.0,6,9,5.0,22,1,AR,7.5,16%,0
P Vastrakar,2022_W_031,6,9,1,66.7,0,0,0,0,44.4,5.0,22,1,4.40,22.0,30.0,0,4,0,73.3,34,28,10.0,43,2,AR,7.5,16%,0
P Vastrakar,2022_W_034,34,28,1,121.4,0,0,1,2,35.7,10.0,43,2,4.30,21.5,30.0,0,4,0,61.7,30,33,6.0,26,2,AR,7.5,16%,0
P Vastrakar,2022_W_038,30,33,0,90.9,0,0,2,0,36.4,6.0,26,2,4.33,13.0,18.0,0,2,0,50.0,3,8,6.0,37,0,AR,7.5,16%,0
P Vastrakar,2022_W_044,3,8,1,37.5,0,0,0,0,62.5,6.0,37,0,6.17,0,0,0,6,0,58.3,21,19,5.0,26,2,AR,7.5,16%,0
P Vastrakar,2022_W_054,21,19,0,110.5,0,0,0,2,42.1,5.0,26,2,5.20,13.0,15.0,0,4,0,60.0,0,0,4.0,15,0,AR,7.5,16%,0
P Vastrakar,2022_W_055,0,0,0,0,0,0,0,0,0,4.0,15,0,3.75,0,0,0,2,0,62.5,56,65,7.0,33,2,AR,7.5,16%,0
P Vastrakar,2022_W_056,56,65,0,86.2,1,0,0,3,40.0,7.0,33,2,4.71,16.5,21.0,0,4,0,52.4,0,0,2.0,20,0,AR,7.5,16%,0
P Vastrakar,2022_W_063,0,0,0,0,0,0,0,0,0,2.0,20,0,10.00,0,0,0,3,0,25.0,18,16,7.0,45,0,AR,7.5,16%,0
P Vastrakar,2022_W_064,18,16,1,112.5,0,0,3,0,43.8,7.0,45,0,6.43,0,0,0,4,0,35.7,22,38,1.0,6,0,AR,7.5,16%,0
P Vastrakar,2022_W_065,22,38,1,57.9,0,0,4,0,76.3,1.0,6,0,6.00,0,0,0,1,0,50.0,,,,,,AR,7.5,16%,0
A Reddy,2022_W_012,23,29,1,79.3,0,0,3,0,51.7,0.0,0.0,0.0,0.0,0.0,0.0,0.0,0.0,0.0,0.0,11,11,0.0,0.0,0.0,BOWL,8.0,42%,0
A Reddy,2022_W_013,11,11,1,100.0,0,0,1,0,27.3,0.0,0.0,0.0,0.0,0.0,0.0,0.0,0.0,0.0,0.0,4,5,0.0,0.0,0.0,BOWL,8.0,42%,0
A Reddy,2022_W_015,4,5,1,80.0,0,0,1,0,80.0,0.0,0.0,0.0,0.0,0.0,0.0,0.0,0.0,0.0,0.0,68,60,0.0,0.0,0.0,BOWL,8.0,42%,0
A Reddy,2022_W_020,68,60,1,113.3,1,0,8,0,40.0,0.0,0.0,0.0,0.0,0.0,0.0,0.0,0.0,0.0,0.0,6,16,0.0,0.0,0.0,BOWL,8.0,42%,0
A Reddy,2022_W_024,6,16,1,37.5,0,0,0,0,62.5,0.0,0.0,0.0,0.0,0.0,0.0,0.0,0.0,0.0,0.0,10,5,0.0,0.0,0.0,BOWL,8.0,42%,0
A Reddy,2022_W_026,10,5,1,200.0,0,0,2,0,20.0,0.0,0.0,0.0,0.0,0.0,0.0,0.0,0.0,0.0,0.0,6,9,0.0,0.0,0.0,BOWL,8.0,42%,0
A Reddy,2022_W_031,6,9,1,66.7,0,0,0,0,44.4,0.0,0.0,0.0,0.0,0.0,0.0,0.0,0.0,0.0,0.0,34,28,0.0,0.0,0.0,BOWL,8.0,42%,0
A Reddy,2022_W_034,34,28,1,121.4,0,0,1,2,35.7,0.0,0.0,0.0,0.0,0.0,0.0,0.0,0.0,0.0,0.0,30,33,0.0,0.0,0.0,BOWL,8.0,42%,0
A Reddy,2022_W_038,30,33,0,90.9,0,0,2,0,36.4,0.0,0.0,0.0,0.0,0.0,0.0,0.0,0.0,0.0,0.0,3,8,0.0,0.0,0.0,BOWL,8.0,42%,0
A Reddy,2022_W_044,3,8,1,37.5,0,0,0,0,62.5,0.0,0.0,0.0,0.0,0.0,0.0,0.0,0.0,0.0,0.0,21,19,0.0,0.0,0.0,BOWL,8.0,42%,0
A Reddy,2022_W_054,21,19,0,110.5,0,0,0,2,42.1,0.0,0.0,0.0,0.0,0.0,0.0,0.0,0.0,0.0,0.0,56,65,0.0,0.0,0.0,BOWL,8.0,42%,0
A Reddy,2022_W_056,56,65,0,86.2,1,0,0,3,40.0,0.0,0.0,0.0,0.0,0.0,0.0,0.0,0.0,0.0,0.0,18,16,0.0,0.0,0.0,BOWL,8.0,42%,0
A Reddy,2022_W_064,18,16,1,112.5,0,0,3,0,43.8,0.0,0.0,0.0,0.0,0.0,0.0,0.0,0.0,0.0,0.0,22,38,0.0,0.0,0.0,BOWL,8.0,42%,0
A Reddy,2022_W_065,22,38,1,57.9,0,0,4,0,76.3,0.0,0.0,0.0,0.0,0.0,0.0,0.0,0.0,0.0,0.0,,,,,,BOWL,8.0,42%,0
Radha Yadav,2022_W_012,23,29,1,79.3,0,0,3,0,51.7,0.0,0.0,0.0,0.0,0.0,0.0,0.0,0.0,0.0,0.0,11,11,0.0,0.0,0.0,BOWL,6.0,4%,0
Radha Yadav,2022_W_013,11,11,1,100.0,0,0,1,0,27.3,0.0,0.0,0.0,0.0,0.0,0.0,0.0,0.0,0.0,0.0,4,5,0.0,0.0,0.0,BOWL,6.0,4%,0
Radha Yadav,2022_W_015,4,5,1,80.0,0,0,1,0,80.0,0.0,0.0,0.0,0.0,0.0,0.0,0.0,0.0,0.0,0.0,68,60,0.0,0.0,0.0,BOWL,6.0,4%,0
Radha Yadav,2022_W_020,68,60,1,113.3,1,0,8,0,40.0,0.0,0.0,0.0,0.0,0.0,0.0,0.0,0.0,0.0,0.0,6,16,0.0,0.0,0.0,BOWL,6.0,4%,0
Radha Yadav,2022_W_024,6,16,1,37.5,0,0,0,0,62.5,0.0,0.0,0.0,0.0,0.0,0.0,0.0,0.0,0.0,0.0,10,5,0.0,0.0,0.0,BOWL,6.0,4%,0
Radha Yadav,2022_W_026,10,5,1,200.0,0,0,2,0,20.0,0.0,0.0,0.0,0.0,0.0,0.0,0.0,0.0,0.0,0.0,6,9,0.0,0.0,0.0,BOWL,6.0,4%,0
Radha Yadav,2022_W_031,6,9,1,66.7,0,0,0,0,44.4,0.0,0.0,0.0,0.0,0.0,0.0,0.0,0.0,0.0,0.0,34,28,0.0,0.0,0.0,BOWL,6.0,4%,0
Radha Yadav,2022_W_034,34,28,1,121.4,0,0,1,2,35.7,0.0,0.0,0.0,0.0,0.0,0.0,0.0,0.0,0.0,0.0,30,33,0.0,0.0,0.0,BOWL,6.0,4%,0
Radha Yadav,2022_W_038,30,33,0,90.9,0,0,2,0,36.4,0.0,0.0,0.0,0.0,0.0,0.0,0.0,0.0,0.0,0.0,3,8,0.0,0.0,0.0,BOWL,6.0,4%,0
Radha Yadav,2022_W_044,3,8,1,37.5,0,0,0,0,62.5,0.0,0.0,0.0,0.0,0.0,0.0,0.0,0.0,0.0,0.0,21,19,0.0,0.0,0.0,BOWL,6.0,4%,0
Radha Yadav,2022_W_054,21,19,0,110.5,0,0,0,2,42.1,0.0,0.0,0.0,0.0,0.0,0.0,0.0,0.0,0.0,0.0,56,65,0.0,0.0,0.0,BOWL,6.0,4%,0
Radha Yadav,2022_W_056,56,65,0,86.2,1,0,0,3,40.0,0.0,0.0,0.0,0.0,0.0,0.0,0.0,0.0,0.0,0.0,18,16,0.0,0.0,0.0,BOWL,6.0,4%,0
Radha Yadav,2022_W_064,18,16,1,112.5,0,0,3,0,43.8,0.0,0.0,0.0,0.0,0.0,0.0,0.0,0.0,0.0,0.0,22,38,0.0,0.0,0.0,BOWL,6.0,4%,0
Radha Yadav,2022_W_065,22,38,1,57.9,0,0,4,0,76.3,0.0,0.0,0.0,0.0,0.0,0.0,0.0,0.0,0.0,0.0,,,,,,BOWL,6.0,4%,0
Asha Shobana,2022_W_012,23,29,1,79.3,0,0,3,0,51.7,0.0,0.0,0.0,0.0,0.0,0.0,0.0,0.0,0.0,0.0,11,11,0.0,0.0,0.0,BOWL,8.0,1%,0
Asha Shobana,2022_W_013,11,11,1,100.0,0,0,1,0,27.3,0.0,0.0,0.0,0.0,0.0,0.0,0.0,0.0,0.0,0.0,4,5,0.0,0.0,0.0,BOWL,8.0,1%,0
Asha Shobana,2022_W_015,4,5,1,80.0,0,0,1,0,80.0,0.0,0.0,0.0,0.0,0.0,0.0,0.0,0.0,0.0,0.0,68,60,0.0,0.0,0.0,BOWL,8.0,1%,0
Asha Shobana,2022_W_020,68,60,1,113.3,1,0,8,0,40.0,0.0,0.0,0.0,0.0,0.0,0.0,0.0,0.0,0.0,0.0,6,16,0.0,0.0,0.0,BOWL,8.0,1%,0
Asha Shobana,2022_W_024,6,16,1,37.5,0,0,0,0,62.5,0.0,0.0,0.0,0.0,0.0,0.0,0.0,0.0,0.0,0.0,10,5,0.0,0.0,0.0,BOWL,8.0,1%,0
Asha Shobana,2022_W_026,10,5,1,200.0,0,0,2,0,20.0,0.0,0.0,0.0,0.0,0.0,0.0,0.0,0.0,0.0,0.0,6,9,0.0,0.0,0.0,BOWL,8.0,1%,0
Asha Shobana,2022_W_031,6,9,1,66.7,0,0,0,0,44.4,0.0,0.0,0.0,0.0,0.0,0.0,0.0,0.0,0.0,0.0,34,28,0.0,0.0,0.0,BOWL,8.0,1%,0
Asha Shobana,2022_W_034,34,28,1,121.4,0,0,1,2,35.7,0.0,0.0,0.0,0.0,0.0,0.0,0.0,0.0,0.0,0.0,30,33,0.0,0.0,0.0,BOWL,8.0,1%,0
Asha Shobana,2022_W_038,30,33,0,90.9,0,0,2,0,36.4,0.0,0.0,0.0,0.0,0.0,0.0,0.0,0.0,0.0,0.0,3,8,0.0,0.0,0.0,BOWL,8.0,1%,0
Asha Shobana,2022_W_044,3,8,1,37.5,0,0,0,0,62.5,0.0,0.0,0.0,0.0,0.0,0.0,0.0,0.0,0.0,0.0,21,19,0.0,0.0,0.0,BOWL,8.0,1%,0
Asha Shobana,2022_W_054,21,19,0,110.5,0,0,0,2,42.1,0.0,0.0,0.0,0.0,0.0,0.0,0.0,0.0,0.0,0.0,56,65,0.0,0.0,0.0,BOWL,8.0,1%,0
Asha Shobana,2022_W_056,56,65,0,86.2,1,0,0,3,40.0,0.0,0.0,0.0,0.0,0.0,0.0,0.0,0.0,0.0,0.0,18,16,0.0,0.0,0.0,BOWL,8.0,1%,0
Asha Shobana,2022_W_064,18,16,1,112.5,0,0,3,0,43.8,0.0,0.0,0.0,0.0,0.0,0.0,0.0,0.0,0.0,0.0,22,38,0.0,0.0,0.0,BOWL,8.0,1%,0
Asha Shobana,2022_W_065,22,38,1,57.9,0,0,4,0,76.3,0.0,0.0,0.0,0.0,0.0,0.0,0.0,0.0,0.0,0.0,,,,,,BOWL,8.0,1%,0
P Punia,2022_W_012,23,29,1,79.3,0,0,3,0,51.7,0.0,0.0,0.0,0.0,0.0,0.0,0.0,0.0,0.0,0.0,11,11,0.0,0.0,0.0,BOWL,8.5,10%,0
P Punia,2022_W_013,11,11,1,100.0,0,0,1,0,27.3,0.0,0.0,0.0,0.0,0.0,0.0,0.0,0.0,0.0,0.0,4,5,0.0,0.0,0.0,BOWL,8.5,10%,0
P Punia,2022_W_015,4,5,1,80.0,0,0,1,0,80.0,0.0,0.0,0.0,0.0,0.0,0.0,0.0,0.0,0.0,0.0,68,60,0.0,0.0,0.0,BOWL,8.5,10%,0
P Punia,2022_W_020,68,60,1,113.3,1,0,8,0,40.0,0.0,0.0,0.0,0.0,0.0,0.0,0.0,0.0,0.0,0.0,6,16,0.0,0.0,0.0,BOWL,8.5,10%,0
P Punia,2022_W_024,6,16,1,37.5,0,0,0,0,62.5,0.0,0.0,0.0,0.0,0.0,0.0,0.0,0.0,0.0,0.0,10,5,0.0,0.0,0.0,BOWL,8.5,10%,0
P Punia,2022_W_026,10,5,1,200.0,0,0,2,0,20.0,0.0,0.0,0.0,0.0,0.0,0.0,0.0,0.0,0.0,0.0,6,9,0.0,0.0,0.0,BOWL,8.5,10%,0
P Punia,2022_W_031,6,9,1,66.7,0,0,0,0,44.4,0.0,0.0,0.0,0.0,0.0,0.0,0.0,0.0,0.0,0.0,34,28,0.0,0.0,0.0,BOWL,8.5,10%,0
P Punia,2022_W_034,34,28,1,121.4,0,0,1,2,35.7,0.0,0.0,0.0,0.0,0.0,0.0,0.0,0.0,0.0,0.0,30,33,0.0,0.0,0.0,BOWL,8.5,10%,0
P Punia,2022_W_038,30,33,0,90.9,0,0,2,0,36.4,0.0,0.0,0.0,0.0,0.0,0.0,0.0,0.0,0.0,0.0,3,8,0.0,0.0,0.0,BOWL,8.5,10%,0
P Punia,2022_W_044,3,8,1,37.5,0,0,0,0,62.5,0.0,0.0,0.0,0.0,0.0,0.0,0.0,0.0,0.0,0.0,21,19,0.0,0.0,0.0,BOWL,8.5,10%,0
P Punia,2022_W_054,21,19,0,110.5,0,0,0,2,42.1,0.0,0.0,0.0,0.0,0.0,0.0,0.0,0.0,0.0,0.0,56,65,0.0,0.0,0.0,BOWL,8.5,10%,0
P Punia,2022_W_056,56,65,0,86.2,1,0,0,3,40.0,0.0,0.0,0.0,0.0,0.0,0.0,0.0,0.0,0.0,0.0,18,16,0.0,0.0,0.0,BOWL,8.5,10%,0
P Punia,2022_W_064,18,16,1,112.5,0,0,3,0,43.8,0.0,0.0,0.0,0.0,0.0,0.0,0.0,0.0,0.0,0.0,22,38,0.0,0.0,0.0,BOWL,8.5,10%,0
P Punia,2022_W_065,22,38,1,57.9,0,0,4,0,76.3,0.0,0.0,0.0,0.0,0.0,0.0,0.0,0.0,0.0,0.0,,,,,,BOWL,8.5,10%,0
Renuka Singh Thakur,2022_W_014,0,2,1,0.0,0,0,0,0,100.0,10.0,59,1,5.90,59.0,60.0,0,8,0,51.7,0,1,4.0,33,2,BOWL,7.0,85%,0
Renuka Singh Thakur,2022_W_015,0,1,1,0.0,0,0,0,0,100.0,4.0,33,2,8.25,16.5,12.0,0,5,0,50.0,0,0,6.0,29,3,BOWL,7.0,85%,0
Renuka Singh Thakur,2022_W_054,0,0,0,0,0,0,0,0,0,6.0,29,3,4.83,9.7,12.0,0,4,0,61.1,0,0,10.0,28,4,BOWL,7.0,85%,0
Renuka Singh Thakur,2022_W_055,0,0,0,0,0,0,0,0,0,10.0,28,4,2.80,7.0,15.0,0,1,0,66.7,2,3,8.0,33,0,BOWL,7.0,85%,0
Renuka Singh Thakur,2022_W_056,2,3,1,66.7,0,0,0,0,33.3,8.0,33,0,4.12,0,0,0,2,0,66.7,0,0,10.0,57,4,BOWL,7.0,85%,0
Renuka Singh Thakur,2022_W_064,0,0,0,0,0,0,0,0,0,10.0,57,4,5.70,14.2,15.0,0,8,0,56.7,0,3,10.0,29,4,BOWL,7.0,85%,0
Renuka Singh Thakur,2022_W_065,0,3,1,0.0,0,0,0,0,100.0,10.0,29,4,2.90,7.2,15.0,0,3,0,76.7,,,,,,BOWL,7.0,85%,0
S Ishaque,2022_W_014,0,2,1,0.0,0,0,0,0,100.0,0.0,0.0,0.0,0.0,0.0,0.0,0.0,0.0,0.0,0.0,0,1,0.0,0.0,0.0,BOWL,6.5,17%,0
S Ishaque,2022_W_015,0,1,1,0.0,0,0,0,0,100.0,0.0,0.0,0.0,0.0,0.0,0.0,0.0,0.0,0.0,0.0,2,3,0.0,0.0,0.0,BOWL,6.5,17%,0
S Ishaque,2022_W_056,2,3,1,66.7,0,0,0,0,33.3,0.0,0.0,0.0,0.0,0.0,0.0,0.0,0.0,0.0,0.0,0,3,0.0,0.0,0.0,BOWL,6.5,17%,0
S Ishaque,2022_W_065,0,3,1,0.0,0,0,0,0,100.0,0.0,0.0,0.0,0.0,0.0,0.0,0.0,0.0,0.0,0.0,,,,,,BOWL,6.5,17%,0
S M Shakil,2022_W_014,0,2,1,0.0,0,0,0,0,100.0,0.0,0.0,0.0,0.0,0.0,0.0,0.0,0.0,0.0,0.0,0,1,0.0,0.0,0.0,BOWL,7.0,59%,0
S M Shakil,2022_W_015,0,1,1,0.0,0,0,0,0,100.0,0.0,0.0,0.0,0.0,0.0,0.0,0.0,0.0,0.0,0.0,2,3,0.0,0.0,0.0,BOWL,7.0,59%,0
S M Shakil,2022_W_056,2,3,1,66.7,0,0,0,0,33.3,0.0,0.0,0.0,0.0,0.0,0.0,0.0,0.0,0.0,0.0,0,3,0.0,0.0,0.0,BOWL,7.0,59%,0
S M Shakil,2022_W_065,0,3,1,0.0,0,0,0,0,100.0,0.0,0.0,0.0,0.0,0.0,0.0,0.0,0.0,0.0,0.0,,,,,,BOWL,7.0,59%,0
Shreyanka Patil,2022_W_014,0,2,1,0.0,0,0,0,0,100.0,0.0,0.0,0.0,0.0,0.0,0.0,0.0,0.0,0.0,0.0,0,1,0.0,0.0,0.0,BOWL,6.0,81%,0
Shreyanka Patil,2022_W_015,0,1,1,0.0,0,0,0,0,100.0,0.0,0.0,0.0,0.0,0.0,0.0,0.0,0.0,0.0,0.0,2,3,0.0,0.0,0.0,BOWL,6.0,81%,0
Shreyanka Patil,2022_W_056,2,3,1,66.7,0,0,0,0,33.3,0.0,0.0,0.0,0.0,0.0,0.0,0.0,0.0,0.0,0.0,0,3,0.0,0.0,0.0,BOWL,6.0,81%,0
Shreyanka Patil,2022_W_065,0,3,1,0.0,0,0,0,0,100.0,0.0,0.0,0.0,0.0,0.0,0.0,0.0,0.0,0.0,0.0,,,,,,BOWL,6.0,81%,0
U Chetry,2022_W_014,0,2,1,0.0,0,0,0,0,100.0,0.0,0.0,0.0,0.0,0.0,0.0,0.0,0.0,0.0,0.0,0,1,0.0,0.0,0.0,BOWL,8.0,3%,0
U Chetry,2022_W_015,0,1,1,0.0,0,0,0,0,100.0,0.0,0.0,0.0,0.0,0.0,0.0,0.0,0.0,0.0,0.0,2,3,0.0,0.0,0.0,BOWL,8.0,3%,0
U Chetry,2022_W_056,2,3,1,66.7,0,0,0,0,33.3,0.0,0.0,0.0,0.0,0.0,0.0,0.0,0.0,0.0,0.0,0,3,0.0,0.0,0.0,BOWL,8.0,3%,0
U Chetry,2022_W_065,0,3,1,0.0,0,0,0,0,100.0,0.0,0.0,0.0,0.0,0.0,0.0,0.0,0.0,0.0,0.0,,,,,,BOWL,8.0,3%,0
L Wolvaardt,2022_W_001,6,8,1,75.0,0,0,0,0,37.5,0.0,0.0,0.0,0.0,0.0,0.0,0.0,0.0,0.0,0.0,25,49,0.0,0.0,0.0,BAT,8.5,8%,0
L Wolvaardt,2022_W_002,25,49,1,51.0,0,0,3,0,69.4,0.0,0.0,0.0,0.0,0.0,0.0,0.0,0.0,0.0,0.0,117,123,0.0,0.0,0.0,BAT,8.5,8%,0
L Wolvaardt,2022_W_003,117,123,1,95.1,0,1,11,1,41.5,0.0,0.0,0.0,0.0,0.0,0.0,0.0,0.0,0.0,0.0,23,33,0.0,0.0,0.0,BAT,8.5,8%,0
L Wolvaardt,2022_W_004,23,33,1,69.7,0,0,3,0,60.6,0.0,0.0,0.0,0.0,0.0,0.0,0.0,0.0,0.0,0.0,41,52,0.0,0.0,0.0,BAT,8.5,8%,0
L Wolvaardt,2022_W_018,41,52,1,78.8,0,0,5,0,55.8,0.0,0.0,0.0,0.0,0.0,0.0,0.0,0.0,0.0,0.0,75,91,0.0,0.0,0.0,BAT,8.5,8%,0
L Wolvaardt,2022_W_025,75,91,1,82.4,1,0,10,0,53.8,0.0,0.0,0.0,0.0,0.0,0.0,0.0,0.0,0.0,0.0,77,101,0.0,0.0,0.0,BAT,8.5,8%,0
L Wolvaardt,2022_W_029,77,101,1,76.2,1,0,8,0,53.5,0.0,0.0,0.0,0.0,0.0,0.0,0.0,0.0,0.0,0.0,67,94,0.0,0.0,0.0,BAT,8.5,8%,0
L Wolvaardt,2022_W_032,67,94,1,71.3,1,0,6,0,52.1,0.0,0.0,0.0,0.0,0.0,0.0,0.0,0.0,0.0,0.0,90,134,0.0,0.0,0.0,BAT,8.5,8%,0
L Wolvaardt,2022_W_037,90,134,1,67.2,1,0,6,0,53.0,0.0,0.0,0.0,0.0,0.0,0.0,0.0,0.0,0.0,0.0,3,4,0.0,0.0,0.0,BAT,8.5,8%,0
L Wolvaardt,2022_W_039,3,4,1,75.0,0,0,0,0,50.0,0.0,0.0,0.0,0.0,0.0,0.0,0.0,0.0,0.0,0.0,80,79,0.0,0.0,0.0,BAT,8.5,8%,0
L Wolvaardt,2022_W_044,80,79,1,101.3,1,0,11,0,46.8,0.0,0.0,0.0,0.0,0.0,0.0,0.0,0.0,0.0,0.0,0,2,0.0,0.0,0.0,BAT,8.5,8%,0
L Wolvaardt,2022_W_046,0,2,1,0.0,0,0,0,0,100.0,0.0,0.0,0.0,0.0,0.0,0.0,0.0,0.0,0.0,0.0,8,19,0.0,0.0,0.0,BAT,8.5,8%,0
L Wolvaardt,2022_W_051,8,19,1,42.1,0,0,0,0,73.7,0.0,0.0,0.0,0.0,0.0,0.0,0.0,0.0,0.0,0.0,27,29,0.0,0.0,0.0,BAT,8.5,8%,0
L Wolvaardt,2022_W_052,27,29,1,93.1,0,0,5,0,62.1,0.0,0.0,0.0,0.0,0.0,0.0,0.0,0.0,0.0,0.0,89,128,0.0,0.0,0.0,BAT,8.5,8%,0
L Wolvaardt,2022_W_053,89,128,1,69.5,1,0,6,0,51.6,0.0,0.0,0.0,0.0,0.0,0.0,0.0,0.0,0.0,0.0,43,72,0.0,0.0,0.0,BAT,8.5,8%,0
L Wolvaardt,2022_W_057,43,72,1,59.7,0,0,3,0,56.9,0.0,0.0,0.0,0.0,0.0,0.0,0.0,0.0,0.0,0.0,55,48,0.0,0.0,0.0,BAT,8.5,8%,0
L Wolvaardt,2022_W_058,55,48,1,114.6,1,0,10,0,58.3,0.0,0.0,0.0,0.0,0.0,0.0,0.0,0.0,0.0,0.0,56,51,0.0,0.0,0.0,BAT,8.5,8%,0
L Wolvaardt,2022_W_059,56,51,1,109.8,1,0,11,0,60.8,0.0,0.0,0.0,0.0,0.0,0.0,0.0,0.0,0.0,0.0,,,,,,BAT,8.5,8%,0
Tazmin Brits,2022_W_001,32,37,1,86.5,0,0,4,1,62.2,0.0,0.0,0.0,0.0,0.0,0.0,0.0,0.0,0.0,0.0,25,55,0.0,0.0,0.0,BAT,8.5,70%,0
Tazmin Brits,2022_W_002,25,55,1,45.5,0,0,3,0,72.7,0.0,0.0,0.0,0.0,0.0,0.0,0.0,0.0,0.0,0.0,18,13,0.0,0.0,0.0,BAT,8.5,70%,0
Tazmin Brits,2022_W_003,18,13,1,138.5,0,0,4,0,53.8,0.0,0.0,0.0,0.0,0.0,0.0,0.0,0.0,0.0,0.0,20,28,0.0,0.0,0.0,BAT,8.5,70%,0
Tazmin Brits,2022_W_004,20,28,1,71.4,0,0,3,0,60.7,0.0,0.0,0.0,0.0,0.0,0.0,0.0,0.0,0.0,0.0,8,24,0.0,0.0,0.0,BAT,8.5,70%,0
Tazmin Brits,2022_W_018,8,24,1,33.3,0,0,1,0,87.5,0.0,0.0,0.0,0.0,0.0,0.0,0.0,0.0,0.0,0.0,2,18,0.0,0.0,0.0,BAT,8.5,70%,0
Tazmin Brits,2022_W_025,2,18,1,11.1,0,0,0,0,88.9,0.0,0.0,0.0,0.0,0.0,0.0,0.0,0.0,0.0,0.0,23,46,0.0,0.0,0.0,BAT,8.5,70%,0
Tazmin Brits,2022_W_029,23,46,1,50.0,0,0,4,0,78.3,0.0,0.0,0.0,0.0,0.0,0.0,0.0,0.0,0.0,0.0,18,38,0.0,0.0,0.0,BAT,8.5,70%,0
Tazmin Brits,2022_W_032,18,38,1,47.4,0,0,3,0,76.3,0.0,0.0,0.0,0.0,0.0,0.0,0.0,0.0,0.0,0.0,1,8,0.0,0.0,0.0,BAT,8.5,70%,0
Tazmin Brits,2022_W_039,1,8,1,12.5,0,0,0,0,87.5,0.0,0.0,0.0,0.0,0.0,0.0,0.0,0.0,0.0,0.0,,,,,,BAT,8.5,70%,0
Anneke Bosch,2022_W_003,5,9,1,55.6,0,0,1,0,77.8,0,0,0,0,0,0,0,0,0,0,,,,,,AR,9.0,44%,0
Sune Luus,2022_W_001,6,18,1,33.3,0,0,0,0,66.7,10.0,29,0,2.90,0,0,0,1,0,70.0,46,52,7.0,25,2,AR,7.5,12%,0
Sune Luus,2022_W_002,46,52,1,88.5,0,0,5,1,61.5,7.0,25,2,3.57,12.5,21.0,0,2,0,61.9,56,93,0,0,0,AR,7.5,12%,0
Sune Luus,2022_W_003,56,93,1,60.2,1,0,5,0,59.1,0,0,0,0,0,0,0,0,0,0,47,80,8.0,24,0,AR,7.5,12%,0
Sune Luus,2022_W_004,47,80,1,58.8,0,0,3,1,61.2,8.0,24,0,3.00,0,0,0,2,0,66.7,25,46,2.0,12,0,AR,7.5,12%,0
Sune Luus,2022_W_018,25,46,0,54.3,0,0,2,0,67.4,2.0,12,0,6.00,0,0,0,2,0,66.7,62,102,3.0,10,0,AR,7.5,12%,0
Sune Luus,2022_W_025,62,102,1,60.8,1,0,2,1,54.9,3.0,10,0,3.33,0,0,0,1,0,61.1,36,49,7.0,33,0,AR,7.5,12%,0
Sune Luus,2022_W_029,36,49,1,73.5,0,0,4,0,55.1,7.0,33,0,4.71,0,0,0,1,0,50.0,51,73,8.0,48,1,AR,7.5,12%,0
Sune Luus,2022_W_032,51,73,1,69.9,1,0,4,0,52.1,8.0,48,1,6.00,48.0,48.0,0,5,0,50.0,52,51,6.0,35,0,AR,7.5,12%,0
Sune Luus,2022_W_037,52,51,1,102.0,1,0,6,0,39.2,6.0,35,0,5.83,0,0,0,1,1,41.7,1,3,0,0,0,AR,7.5,12%,0
Sune Luus,2022_W_039,1,3,1,33.3,0,0,0,0,66.7,0,0,0,0,0,0,0,0,0,0,22,27,4.0,26,0,AR,7.5,12%,0
Sune Luus,2022_W_044,22,27,1,81.5,0,0,1,0,33.3,4.0,26,0,6.50,0,0,0,0,0,12.5,21,24,0,0,0,AR,7.5,12%,0
Sune Luus,2022_W_046,21,24,1,87.5,0,0,2,0,54.2,0,0,0,0,0,0,0,0,0,0,0,0,7.0,16,3,AR,7.5,12%,0
Sune Luus,2022_W_051,0,0,0,0,0,0,0,0,0,7.0,16,3,2.29,5.3,14.0,0,0,0,71.4,0,0,7.0,39,1,AR,7.5,12%,0
Sune Luus,2022_W_052,0,0,0,0,0,0,0,0,0,7.0,39,1,5.57,39.0,42.0,0,6,0,64.3,93,104,7.0,27,2,AR,7.5,12%,0
Sune Luus,2022_W_053,93,104,1,89.4,1,0,11,0,48.1,7.0,27,2,3.86,13.5,21.0,0,2,0,64.3,7,28,0,0,0,AR,7.5,12%,0
Sune Luus,2022_W_057,7,28,1,25.0,0,0,0,0,78.6,0,0,0,0,0,0,0,0,0,0,4,14,0,0,0,AR,7.5,12%,0
Sune Luus,2022_W_058,4,14,1,28.6,0,0,0,0,78.6,0,0,0,0,0,0,0,0,0,0,9,9,0,0,0,AR,7.5,12%,0
Sune Luus,2022_W_059,9,9,1,100.0,0,0,1,0,33.3,0,0,0,0,0,0,0,0,0,0,,,,,,AR,7.5,12%,0
M Kapp,2022_W_018,42,45,1,93.3,0,0,3,0,42.2,9.3,37,1,3.89,37.0,57.0,0,3,0,66.7,7,11,10.0,43,2,AR,7.0,94%,0
M Kapp,2022_W_025,7,11,1,63.6,0,0,1,0,72.7,10.0,43,2,4.30,21.5,30.0,0,4,0,60.0,32,42,10.0,45,5,AR,7.0,94%,0
M Kapp,2022_W_029,32,42,1,76.2,0,0,3,1,61.9,10.0,45,5,4.50,9.0,12.0,1,4,0,65.0,34,35,10.0,44,2,AR,7.0,94%,0
M Kapp,2022_W_032,34,35,0,97.1,0,0,4,0,42.9,10.0,44,2,4.40,22.0,30.0,0,2,1,61.7,30,21,8.0,38,0,AR,7.0,94%,0
M Kapp,2022_W_037,30,21,0,142.9,0,0,4,0,28.6,8.0,38,0,4.75,0,0,0,4,0,58.3,5,8,0,0,0,AR,7.0,94%,0
M Kapp,2022_W_039,5,8,0,62.5,0,0,1,0,75.0,0,0,0,0,0,0,0,0,0,0,32,30,9.0,56,0,AR,7.0,94%,0
M Kapp,2022_W_044,32,30,0,106.7,0,0,3,0,30.0,9.0,56,0,6.22,0,0,0,7,0,53.7,21,28,10.0,52,2,AR,7.0,94%,0
M Kapp,2022_W_046,21,28,1,75.0,0,0,2,0,53.6,10.0,52,2,5.20,26.0,30.0,0,5,0,60.0,12,27,6.0,45,1,AR,7.0,94%,0
M Kapp,2022_W_057,12,27,1,44.4,0,0,2,0,77.8,6.0,45,1,7.50,45.0,36.0,0,8,0,50.0,73,59,9.0,60,0,AR,7.0,94%,0
M Kapp,2022_W_058,73,59,1,123.7,1,0,10,1,42.4,9.0,60,0,6.67,0,0,0,8,0,44.4,62,54,5.0,32,0,AR,7.0,94%,0
M Kapp,2022_W_059,62,54,1,114.8,1,0,8,1,44.4,5.0,32,0,6.40,0,0,0,6,0,66.7,,,,,,AR,7.0,94%,0
N d Klerk,2022_W_018,42,45,1,93.3,0,0,3,0,42.2,0.0,0.0,0.0,0.0,0.0,0.0,0.0,0.0,0.0,0.0,7,11,0.0,0.0,0.0,AR,8.5,94%,0
N d Klerk,2022_W_025,7,11,1,63.6,0,0,1,0,72.7,0.0,0.0,0.0,0.0,0.0,0.0,0.0,0.0,0.0,0.0,32,42,0.0,0.0,0.0,AR,8.5,94%,0
N d Klerk,2022_W_029,32,42,1,76.2,0,0,3,1,61.9,0.0,0.0,0.0,0.0,0.0,0.0,0.0,0.0,0.0,0.0,34,35,0.0,0.0,0.0,AR,8.5,94%,0
N d Klerk,2022_W_032,34,35,0,97.1,0,0,4,0,42.9,0.0,0.0,0.0,0.0,0.0,0.0,0.0,0.0,0.0,0.0,30,21,0.0,0.0,0.0,AR,8.5,94%,0
N d Klerk,2022_W_037,30,21,0,142.9,0,0,4,0,28.6,0.0,0.0,0.0,0.0,0.0,0.0,0.0,0.0,0.0,0.0,5,8,0.0,0.0,0.0,AR,8.5,94%,0
N d Klerk,2022_W_039,5,8,0,62.5,0,0,1,0,75.0,0.0,0.0,0.0,0.0,0.0,0.0,0.0,0.0,0.0,0.0,32,30,0.0,0.0,0.0,AR,8.5,94%,0
N d Klerk,2022_W_044,32,30,0,106.7,0,0,3,0,30.0,0.0,0.0,0.0,0.0,0.0,0.0,0.0,0.0,0.0,0.0,21,28,0.0,0.0,0.0,AR,8.5,94%,0
N d Klerk,2022_W_046,21,28,1,75.0,0,0,2,0,53.6,0.0,0.0,0.0,0.0,0.0,0.0,0.0,0.0,0.0,0.0,12,27,0.0,0.0,0.0,AR,8.5,94%,0
N d Klerk,2022_W_057,12,27,1,44.4,0,0,2,0,77.8,0.0,0.0,0.0,0.0,0.0,0.0,0.0,0.0,0.0,0.0,73,59,0.0,0.0,0.0,AR,8.5,94%,0
N d Klerk,2022_W_058,73,59,1,123.7,1,0,10,1,42.4,0.0,0.0,0.0,0.0,0.0,0.0,0.0,0.0,0.0,0.0,62,54,0.0,0.0,0.0,AR,8.5,94%,0
N d Klerk,2022_W_059,62,54,1,114.8,1,0,8,1,44.4,0.0,0.0,0.0,0.0,0.0,0.0,0.0,0.0,0.0,0.0,,,,,,AR,8.5,94%,0
N Shangase,2022_W_018,42,45,1,93.3,0,0,3,0,42.2,0.0,0.0,0.0,0.0,0.0,0.0,0.0,0.0,0.0,0.0,7,11,0.0,0.0,0.0,AR,6.5,94%,0
N Shangase,2022_W_025,7,11,1,63.6,0,0,1,0,72.7,0.0,0.0,0.0,0.0,0.0,0.0,0.0,0.0,0.0,0.0,32,42,0.0,0.0,0.0,AR,6.5,94%,0
N Shangase,2022_W_029,32,42,1,76.2,0,0,3,1,61.9,0.0,0.0,0.0,0.0,0.0,0.0,0.0,0.0,0.0,0.0,34,35,0.0,0.0,0.0,AR,6.5,94%,0
N Shangase,2022_W_032,34,35,0,97.1,0,0,4,0,42.9,0.0,0.0,0.0,0.0,0.0,0.0,0.0,0.0,0.0,0.0,30,21,0.0,0.0,0.0,AR,6.5,94%,0
N Shangase,2022_W_037,30,21,0,142.9,0,0,4,0,28.6,0.0,0.0,0.0,0.0,0.0,0.0,0.0,0.0,0.0,0.0,5,8,0.0,0.0,0.0,AR,6.5,94%,0
N Shangase,2022_W_039,5,8,0,62.5,0,0,1,0,75.0,0.0,0.0,0.0,0.0,0.0,0.0,0.0,0.0,0.0,0.0,32,30,0.0,0.0,0.0,AR,6.5,94%,0
N Shangase,2022_W_044,32,30,0,106.7,0,0,3,0,30.0,0.0,0.0,0.0,0.0,0.0,0.0,0.0,0.0,0.0,0.0,21,28,0.0,0.0,0.0,AR,6.5,94%,0
N Shangase,2022_W_046,21,28,1,75.0,0,0,2,0,53.6,0.0,0.0,0.0,0.0,0.0,0.0,0.0,0.0,0.0,0.0,12,27,0.0,0.0,0.0,AR,6.5,94%,0
N Shangase,2022_W_057,12,27,1,44.4,0,0,2,0,77.8,0.0,0.0,0.0,0.0,0.0,0.0,0.0,0.0,0.0,0.0,73,59,0.0,0.0,0.0,AR,6.5,94%,0
N Shangase,2022_W_058,73,59,1,123.7,1,0,10,1,42.4,0.0,0.0,0.0,0.0,0.0,0.0,0.0,0.0,0.0,0.0,62,54,0.0,0.0,0.0,AR,6.5,94%,0
N Shangase,2022_W_059,62,54,1,114.8,1,0,8,1,44.4,0.0,0.0,0.0,0.0,0.0,0.0,0.0,0.0,0.0,0.0,,,,,,AR,6.5,94%,0
M Ridder,2022_W_018,42,45,1,93.3,0,0,3,0,42.2,0.0,0.0,0.0,0.0,0.0,0.0,0.0,0.0,0.0,0.0,7,11,0.0,0.0,0.0,BAT,8.0,94%,0
M Ridder,2022_W_025,7,11,1,63.6,0,0,1,0,72.7,0.0,0.0,0.0,0.0,0.0,0.0,0.0,0.0,0.0,0.0,32,42,0.0,0.0,0.0,BAT,8.0,94%,0
M Ridder,2022_W_029,32,42,1,76.2,0,0,3,1,61.9,0.0,0.0,0.0,0.0,0.0,0.0,0.0,0.0,0.0,0.0,34,35,0.0,0.0,0.0,BAT,8.0,94%,0
M Ridder,2022_W_032,34,35,0,97.1,0,0,4,0,42.9,0.0,0.0,0.0,0.0,0.0,0.0,0.0,0.0,0.0,0.0,30,21,0.0,0.0,0.0,BAT,8.0,94%,0
M Ridder,2022_W_037,30,21,0,142.9,0,0,4,0,28.6,0.0,0.0,0.0,0.0,0.0,0.0,0.0,0.0,0.0,0.0,5,8,0.0,0.0,0.0,BAT,8.0,94%,0
M Ridder,2022_W_039,5,8,0,62.5,0,0,1,0,75.0,0.0,0.0,0.0,0.0,0.0,0.0,0.0,0.0,0.0,0.0,32,30,0.0,0.0,0.0,BAT,8.0,94%,0
M Ridder,2022_W_044,32,30,0,106.7,0,0,3,0,30.0,0.0,0.0,0.0,0.0,0.0,0.0,0.0,0.0,0.0,0.0,21,28,0.0,0.0,0.0,BAT,8.0,94%,0
M Ridder,2022_W_046,21,28,1,75.0,0,0,2,0,53.6,0.0,0.0,0.0,0.0,0.0,0.0,0.0,0.0,0.0,0.0,12,27,0.0,0.0,0.0,BAT,8.0,94%,0
M Ridder,2022_W_057,12,27,1,44.4,0,0,2,0,77.8,0.0,0.0,0.0,0.0,0.0,0.0,0.0,0.0,0.0,0.0,73,59,0.0,0.0,0.0,BAT,8.0,94%,0
M Ridder,2022_W_058,73,59,1,123.7,1,0,10,1,42.4,0.0,0.0,0.0,0.0,0.0,0.0,0.0,0.0,0.0,0.0,62,54,0.0,0.0,0.0,BAT,8.0,94%,0
M Ridder,2022_W_059,62,54,1,114.8,1,0,8,1,44.4,0.0,0.0,0.0,0.0,0.0,0.0,0.0,0.0,0.0,0.0,,,,,,BAT,8.0,94%,0
M Klaas,2022_W_001,0,0,0,0,0,0,0,0,0,9.3,59,1,6.21,59.0,57.0,0,7,0,54.4,3,7,6.0,42,2,BOWL,8.0,94%,0
M Klaas,2022_W_002,3,7,1,42.9,0,0,0,0,57.1,6.0,42,2,7.00,21.0,18.0,0,7,0,61.1,4,7,10.0,36,2,BOWL,8.0,94%,0
M Klaas,2022_W_018,4,7,0,57.1,0,0,0,0,42.9,10.0,36,2,3.60,18.0,30.0,0,2,0,65.0,1,1,10.0,49,1,BOWL,8.0,94%,0
M Klaas,2022_W_025,1,1,0,100.0,0,0,0,0,0.0,10.0,49,1,4.90,49.0,60.0,0,4,1,55.0,0,0,8.0,23,2,BOWL,8.0,94%,0
M Klaas,2022_W_029,0,0,0,0,0,0,0,0,0,8.0,23,2,2.88,11.5,24.0,0,2,0,77.1,0,0,2.0,19,0,BOWL,8.0,94%,0
M Klaas,2022_W_032,0,0,0,0,0,0,0,0,0,2.0,19,0,9.50,0,0,0,3,0,50.0,0,0,8.0,38,2,BOWL,8.0,94%,0
M Klaas,2022_W_044,0,0,0,0,0,0,0,0,0,8.0,38,2,4.75,19.0,24.0,0,3,1,54.2,3,10,10.0,55,2,BOWL,8.0,94%,0
M Klaas,2022_W_046,3,10,1,30.0,0,0,0,0,80.0,10.0,55,2,5.50,27.5,30.0,0,5,0,53.3,,,,,,BOWL,8.0,94%,0
N Mlaba,2022_W_001,0,0,0,0,0,0,0,0,0,7.0,44,0,6.29,0,0,0,3,3,54.8,6,8,9.0,38,0,BOWL,8.0,94%,0
N Mlaba,2022_W_002,6,8,0,75.0,0,0,0,0,37.5,9.0,38,0,4.22,0,0,0,3,0,63.0,0,0,5.0,43,0,BOWL,8.0,94%,0
N Mlaba,2022_W_057,0,0,0,0,0,0,0,0,0,5.0,43,0,8.60,0,0,0,6,0,33.3,0,5,7.0,42,0,BOWL,8.0,94%,0
N Mlaba,2022_W_058,0,5,1,0.0,0,0,0,0,100.0,7.0,42,0,6.00,0,0,0,4,0,33.3,0,0,10.0,68,1,BOWL,8.0,94%,0
N Mlaba,2022_W_059,0,0,0,0,0,0,0,0,0,10.0,68,1,6.80,68.0,60.0,0,9,0,38.3,,,,,,BOWL,8.0,94%,0
A Khaka,2022_W_001,0,0,0,0,0,0,0,0,0,8.0,55,1,6.88,55.0,48.0,0,6,1,45.8,4,9,8.0,26,5,BOWL,8.0,94%,0
A Khaka,2022_W_002,4,9,1,44.4,0,0,0,0,55.6,8.0,26,5,3.25,5.2,9.6,1,2,0,66.7,1,1,9.0,27,2,BOWL,8.0,94%,0
A Khaka,2022_W_003,1,1,0,100.0,0,0,0,0,0.0,9.0,27,2,3.00,13.5,27.0,0,4,0,85.2,0,0,10.0,26,2,BOWL,8.0,94%,0
A Khaka,2022_W_004,0,0,0,0,0,0,0,0,0,10.0,26,2,2.60,13.0,30.0,0,2,0,71.7,2,4,10.0,32,4,BOWL,8.0,94%,0
A Khaka,2022_W_018,2,4,1,50.0,0,0,0,0,75.0,10.0,32,4,3.20,8.0,15.0,0,1,0,80.0,0,0,10.0,43,2,BOWL,8.0,94%,0
A Khaka,2022_W_025,0,0,0,0,0,0,0,0,0,10.0,43,2,4.30,21.5,30.0,0,5,0,66.7,0,0,10.0,59,1,BOWL,8.0,94%,0
A Khaka,2022_W_029,0,0,0,0,0,0,0,0,0,10.0,59,1,5.90,59.0,60.0,0,5,0,40.0,2,3,8.5,31,3,BOWL,8.0,94%,0
A Khaka,2022_W_032,2,3,0,66.7,0,0,0,0,33.3,8.5,31,3,3.51,10.3,17.7,0,3,0,73.6,0,0,9.2,48,0,BOWL,8.0,94%,0
A Khaka,2022_W_037,0,0,0,0,0,0,0,0,0,9.2,48,0,5.14,0,0,0,3,2,69.6,0,0,9.0,58,1,BOWL,8.0,94%,0
A Khaka,2022_W_044,0,0,0,0,0,0,0,0,0,9.0,58,1,6.44,58.0,54.0,0,6,0,53.7,0,0,10.0,66,1,BOWL,8.0,94%,0
A Khaka,2022_W_046,0,0,0,0,0,0,0,0,0,10.0,66,1,6.60,66.0,60.0,0,9,0,46.7,0,0,5.2,6,2,BOWL,8.0,94%,0
A Khaka,2022_W_051,0,0,0,0,0,0,0,0,0,5.2,6,2,1.12,3.0,16.0,0,1,0,96.9,0,0,5.0,10,0,BOWL,8.0,94%,0
A Khaka,2022_W_052,0,0,0,0,0,0,0,0,0,5.0,10,0,2.00,0,0,0,1,0,76.7,0,0,6.0,7,0,BOWL,8.0,94%,0
A Khaka,2022_W_053,0,0,0,0,0,0,0,0,0,6.0,7,0,1.17,0,0,0,1,0,100.0,0,2,7.0,41,1,BOWL,8.0,94%,0
A Khaka,2022_W_057,0,2,1,0.0,0,0,0,0,100.0,7.0,41,1,5.86,41.0,42.0,0,5,0,50.0,5,11,8.0,60,0,BOWL,8.0,94%,0
A Khaka,2022_W_058,5,11,0,45.5,0,0,0,0,63.6,8.0,60,0,7.50,0,0,0,4,1,39.6,1,10,10.0,64,2,BOWL,8.0,94%,0
A Khaka,2022_W_059,1,10,1,10.0,0,0,0,0,90.0,10.0,64,2,6.40,32.0,30.0,0,8,0,46.7,,,,,,BOWL,8.0,94%,0
A Dercksen,2022_W_002,4,9,1,44.4,0,0,0,0,55.6,0.0,0.0,0.0,0.0,0.0,0.0,0.0,0.0,0.0,0.0,1,1,0.0,0.0,0.0,BAT,8.0,94%,0
A Dercksen,2022_W_003,1,1,0,100.0,0,0,0,0,0.0,0.0,0.0,0.0,0.0,0.0,0.0,0.0,0.0,0.0,0.0,2,4,0.0,0.0,0.0,BAT,8.0,94%,0
A Dercksen,2022_W_018,2,4,1,50.0,0,0,0,0,75.0,0.0,0.0,0.0,0.0,0.0,0.0,0.0,0.0,0.0,0.0,2,3,0.0,0.0,0.0,BAT,8.0,94%,0
A Dercksen,2022_W_032,2,3,0,66.7,0,0,0,0,33.3,0.0,0.0,0.0,0.0,0.0,0.0,0.0,0.0,0.0,0.0,0,2,0.0,0.0,0.0,BAT,8.0,94%,0
A Dercksen,2022_W_057,0,2,1,0.0,0,0,0,0,100.0,0.0,0.0,0.0,0.0,0.0,0.0,0.0,0.0,0.0,0.0,5,11,0.0,0.0,0.0,BAT,8.0,94%,0
A Dercksen,2022_W_058,5,11,0,45.5,0,0,0,0,63.6,0.0,0.0,0.0,0.0,0.0,0.0,0.0,0.0,0.0,0.0,1,10,0.0,0.0,0.0,BAT,8.0,94%,0
A Dercksen,2022_W_059,1,10,1,10.0,0,0,0,0,90.0,0.0,0.0,0.0,0.0,0.0,0.0,0.0,0.0,0.0,0.0,,,,,,BAT,8.0,94%,0
S Jafta,2022_W_002,14,16,1,87.5,0,0,2,0,56.2,0.0,0.0,0.0,0.0,0.0,0.0,0.0,0.0,0.0,0.0,1,2,0.0,0.0,0.0,BAT,8.0,94%,0
S Jafta,2022_W_003,1,2,0,50.0,0,0,0,0,50.0,0.0,0.0,0.0,0.0,0.0,0.0,0.0,0.0,0.0,0.0,,,,,,BAT,8.0,94%,0
E Marx,2022_W_002,14,16,1,87.5,0,0,2,0,56.2,0.0,0.0,0.0,0.0,0.0,0.0,0.0,0.0,0.0,0.0,1,2,0.0,0.0,0.0,AR,8.0,94%,0
E Marx,2022_W_003,1,2,0,50.0,0,0,0,0,50.0,0.0,0.0,0.0,0.0,0.0,0.0,0.0,0.0,0.0,0.0,,,,,,AR,8.0,94%,0
T Sekhukhune,2022_W_002,14,16,1,87.5,0,0,2,0,56.2,0.0,0.0,0.0,0.0,0.0,0.0,0.0,0.0,0.0,0.0,1,2,0.0,0.0,0.0,BOWL,8.0,94%,0
T Sekhukhune,2022_W_003,1,2,0,50.0,0,0,0,0,50.0,0.0,0.0,0.0,0.0,0.0,0.0,0.0,0.0,0.0,0.0,,,,,,BOWL,8.0,94%,0
D Tucker,2022_W_052,0,0,0,0,0,0,0,0,0,8.0,46,0,5.75,0,0,0,3,0,43.8,14,8,3.0,6,1,BAT,8.0,94%,0
D Tucker,2022_W_053,14,8,0,175.0,0,0,2,0,12.5,3.0,6,1,2.00,6.0,18.0,0,1,0,83.3,,,,,,BAT,8.0,94%,0
